#;Date;Begin;;Maximum;;End;;Duration;Definition;DHO 23.4;GBZ 19.6;GQD 22.1;ICV 20.3;HWU 21.8
;;Time [UT];Qualifier;Time [UT];Qualifier;Time [UT];Qualifier;;;;;;;
637;22.09.2016;11:45;;11:57;;12:24;;39m;3;TRUE;FALSE;TRUE;FALSE;FALSE
636;30.08.2016;14:12;;14:27;;14:49;;37m;5;FALSE;FALSE;TRUE;FALSE;FALSE
635;19.08.2016;12:18;;12:35;;13:10;;52m;5;TRUE;FALSE;FALSE;FALSE;FALSE
634;19.08.2016;11:02;;11:16;;11:54;;52m;5;TRUE;FALSE;FALSE;FALSE;FALSE
633;19.08.2016;09:48;;10:06;;10:43;;55m;5;TRUE;FALSE;FALSE;FALSE;FALSE
632;19.08.2016;09:00;;09:15;;09:29;;29m;4;TRUE;FALSE;FALSE;FALSE;FALSE
631;09.08.2016;08:53;;08:57;;09:19;;26m;5;FALSE;FALSE;TRUE;FALSE;FALSE
630;08.08.2016;10:39;;10:48;;11:31;;52m;5;TRUE;FALSE;TRUE;FALSE;FALSE
629;08.08.2016;09:13;;09:23;;09:54;;41m;5;TRUE;FALSE;TRUE;FALSE;FALSE
628;08.08.2016;08:40;;08:57;;09:13;D;33m;5;TRUE;FALSE;TRUE;FALSE;FALSE
627;07.08.2016;15:02;;15:12;;15:58;;56m;5;TRUE;FALSE;TRUE;FALSE;FALSE
626;07.08.2016;14:38;;14:46;;15:02;D;24m;5;TRUE;FALSE;TRUE;FALSE;FALSE
625;07.08.2016;13:33;;13:41;;14:13;;40m;5;TRUE;FALSE;TRUE;FALSE;FALSE
624;07.08.2016;10:22;;10:26;;10:50;;28m;4;TRUE;FALSE;TRUE;FALSE;FALSE
623;05.08.2016;10:10;;10:17;;10:40;;30m;4;FALSE;FALSE;TRUE;FALSE;FALSE
622;04.08.2016;16:59;;17:06;;17:58;;59m;5;TRUE;FALSE;FALSE;FALSE;FALSE
621;25.07.2016;10:12;;10:35;;11:16;;1h 4m;3;FALSE;FALSE;TRUE;FALSE;FALSE
620;25.07.2016;09:40;;09:45;;09:59;;19m;3;FALSE;FALSE;TRUE;FALSE;FALSE
619;25.07.2016;09:02;;09:09;;09:40;D;38m;5;TRUE;FALSE;TRUE;FALSE;FALSE
618;24.07.2016;17:33;;17:44;;18:30;;57m;4;FALSE;FALSE;TRUE;TRUE;FALSE
617;24.07.2016;16:32;;16:49;;16:56;;24m;3;FALSE;FALSE;TRUE;FALSE;FALSE
616;24.07.2016;15:20;;15:33;;16:06;;46m;3;FALSE;FALSE;TRUE;FALSE;FALSE
615;24.07.2016;14:58;;15:02;;15:20;D;22m;3;FALSE;FALSE;TRUE;FALSE;FALSE
614;24.07.2016;13:52;;14:04;;14:46;;54m;5;TRUE;FALSE;TRUE;TRUE;FALSE
613;24.07.2016;13:35;;13:43;;13:52;D;17m;3;TRUE;FALSE;TRUE;TRUE;FALSE
612;24.07.2016;13:18;;13:24;;13:35;;17m;3;TRUE;FALSE;TRUE;TRUE;FALSE
611;24.07.2016;12:55;;13:02;;13:18;D;23m;3;TRUE;FALSE;TRUE;TRUE;FALSE
610;24.07.2016;12:21;;12:32;;12:55;D;34m;3;TRUE;FALSE;TRUE;TRUE;FALSE
609;24.07.2016;11:52;;12:03;;12:21;D;29m;3;TRUE;FALSE;TRUE;TRUE;FALSE
608;24.07.2016;06:12;;06:21;;07:42;;1h 30m;5;TRUE;FALSE;TRUE;TRUE;FALSE
607;23.07.2016;05:09;;05:20;;07:01;;1h 52m;5;TRUE;FALSE;TRUE;TRUE;FALSE
606;22.07.2016;08:40;;08:51;;09:32;;52m;5;FALSE;FALSE;TRUE;TRUE;FALSE
605;22.07.2016;06:46;;06:52;;08:07;;1h 21m;5;TRUE;FALSE;TRUE;TRUE;FALSE
604;21.07.2016;12:49;;12:57;;14:28;;1h 39m;5;TRUE;FALSE;TRUE;FALSE;FALSE
603;21.07.2016;11:19;;11:20;;12:15;;56m;5;TRUE;FALSE;TRUE;FALSE;FALSE
602;18.07.2016;08:14;;08:25;;09:21;;1h 7m;5;TRUE;FALSE;TRUE;TRUE;FALSE
601;16.07.2016;07:00;;07:07;;08:09;;1h 9m;5;FALSE;FALSE;TRUE;TRUE;FALSE
600;07.07.2016;07:54;;08:03;;08:59;;1h 5m;4;TRUE;FALSE;TRUE;TRUE;FALSE
599;05.07.2016;10:30;;10:47;;11:16;;46m;3;TRUE;FALSE;FALSE;FALSE;FALSE
598;04.07.2016;15:43;;15:51;;16:11;;28m;5;TRUE;FALSE;TRUE;TRUE;FALSE
597;19.06.2016;11:45;;12:02;;12:27;;42m;4;TRUE;FALSE;TRUE;FALSE;FALSE
596;15.05.2016;08:13;;08:31;;08:53;;40m;5;TRUE;FALSE;TRUE;TRUE;FALSE
595;14.05.2016;15:17;;15:24;;16:07;;50m;5;TRUE;FALSE;TRUE;TRUE;FALSE
594;14.05.2016;11:29;;11:35;;12:56;;1h 27m;5;TRUE;FALSE;TRUE;FALSE;FALSE
593;14.05.2016;09:26;;09:34;;10:14;;48m;5;TRUE;FALSE;TRUE;FALSE;FALSE
592;02.05.2016;08:33;;08:45;;09:13;;40m;5;TRUE;FALSE;TRUE;TRUE;FALSE
591;01.05.2016;09:19;;09:23;;09:37;;18m;4;TRUE;FALSE;TRUE;FALSE;FALSE
590;28.04.2016;12:48;;12:52;;13:16;;28m;4;TRUE;FALSE;TRUE;TRUE;FALSE
589;15.04.2016;14:22;;14:33;;15:19;;57m;5;TRUE;FALSE;TRUE;TRUE;FALSE
588;14.04.2016;13:24;;13:31;;14:02;;38m;5;TRUE;FALSE;TRUE;TRUE;FALSE
587;09.04.2016;12:32;;13:30;;14:39;;2h 7m;5;TRUE;FALSE;TRUE;TRUE;FALSE
586;09.04.2016;10:37;;10:40;;10:53;;16m;3;TRUE;FALSE;TRUE;TRUE;FALSE
585;07.05.2016;11:09;;11:13;;11:48;;39m;5;TRUE;FALSE;TRUE;FALSE;FALSE
584;06.04.2016;10:00;;10:10;;10:45;;45m;5;TRUE;FALSE;TRUE;TRUE;FALSE
583;13.03.2016;12:40;;12:52;;13:20;;40m;5;TRUE;FALSE;TRUE;TRUE;FALSE
582;12.03.2016;13:04;;13:09;;13:27;;23m;5;TRUE;FALSE;TRUE;TRUE;FALSE
581;19.02.2016;08:50;;09:01;;09:23;;33m;3;FALSE;FALSE;TRUE;TRUE;FALSE
580;17.02.2016;09:44;;10:03;;10:21;;37m;4;TRUE;FALSE;TRUE;TRUE;FALSE
579;16.02.2016;15:41;;15:54;;16:16;;35m;3;TRUE;FALSE;TRUE;TRUE;FALSE
578;16.02.2016;10:01;;10:08;;10:26;;25m;5;FALSE;FALSE;FALSE;TRUE;FALSE
577;15.02.2016;16:22;;16:30;;16:48;;26m;5;TRUE;FALSE;FALSE;TRUE;FALSE
576;15.02.2016;14:34;;14:48;;15:16;;42m;4;FALSE;FALSE;TRUE;TRUE;FALSE
575;15.02.2016;10:54;;11:01;;12:01;;1h 7m;5;TRUE;FALSE;TRUE;TRUE;FALSE
574;15.02.2016;10:40;;10:48;;10:54;D;14m;4;TRUE;FALSE;TRUE;FALSE;FALSE
573;15.02.2016;09:28;;09:36;;09:50;;22m;4;FALSE;FALSE;TRUE;FALSE;FALSE
572;14.02.2016;12:19;;12:23;;12:31;;12m;3;FALSE;FALSE;TRUE;FALSE;FALSE
571;14.02.2016;11:52;;12:02;;12:12;;20m;3;FALSE;FALSE;TRUE;FALSE;FALSE
570;14.02.2016;10:15;;10:30;;11:12;;57m;5;TRUE;FALSE;TRUE;TRUE;FALSE
569;13.02.2016;15:20;;15:25;;15:41;;21m;4;TRUE;FALSE;TRUE;TRUE;FALSE
568;13.02.2016;10:05;;10:09;;10:33;;28m;5;TRUE;FALSE;TRUE;TRUE;FALSE
557;12.02.2016;10:39;;10:48;;11:45;;1h 6m;5;TRUE;FALSE;TRUE;TRUE;FALSE
556;07.02.2016;11:43;;12:12;;12:41;;58m;4;TRUE;FALSE;TRUE;TRUE;FALSE
555;07.02.2016;10:19;;10:36;;10:57;;38m;3;FALSE;FALSE;TRUE;FALSE;FALSE
554;31.12.2015;10:00;;11:01;;12:18;;2h 18m;3;FALSE;FALSE;TRUE;FALSE;FALSE
553;29.12.2015;10:22;;10:32;;10:54;;32m;4;FALSE;FALSE;TRUE;FALSE;FALSE
552;28.12.2015;11:31;;12:22;;13:46;;2h 15m;4;FALSE;FALSE;TRUE;FALSE;FALSE
551;22.12.2015;13:27;;13:36;;14:08;;41m;4;FALSE;FALSE;TRUE;TRUE;FALSE
550;21.12.2015;10:11;;10:20;;10:46;;35m;5;TRUE;FALSE;TRUE;FALSE;FALSE
549;13.12.2015;10:13;;10:32;;11:34;;1h 21m;5;TRUE;FALSE;TRUE;TRUE;FALSE
548;12.12.2015;13:37;;13:45;;14:15;;38m;5;TRUE;FALSE;TRUE;TRUE;FALSE
547;12.12.2015;11:40;;11:45;;12:01;;21m;4;TRUE;FALSE;TRUE;FALSE;FALSE
546;26.11.2015;12:21;;12:25;;12:37;;16m;3;FALSE;FALSE;TRUE;TRUE;FALSE
545;24.11.2015;11:46;;11:53;;12:07;;21m;3;FALSE;FALSE;TRUE;FALSE;FALSE
544;24.11.2015;11:02;;11:09;;11:18;;16m;3;FALSE;FALSE;TRUE;FALSE;FALSE
543;23.11.2015;13:34;;13:41;;13:53;;19m;3;FALSE;FALSE;TRUE;FALSE;FALSE
542;23.11.2015;13:25;;13:31;;13:34;D;9m;3;FALSE;FALSE;TRUE;FALSE;FALSE
541;23.11.2015;13:11;;13:19;;13:25;D;14m;3;FALSE;FALSE;TRUE;FALSE;FALSE
540;21.11.2015;13:47;;13:52;;14:12;;25m;3;FALSE;FALSE;TRUE;TRUE;FALSE
539;10.11.2015;14:01;;14:12;;14:30;;29m;4;FALSE;FALSE;TRUE;TRUE;FALSE
538;09.11.2015;12:53;;13:12;;14:01;;1h 8m;5;TRUE;FALSE;TRUE;TRUE;FALSE
537;04.11.2015;13:35;;13:48;;15:11;;1h 36m;5;TRUE;FALSE;TRUE;TRUE;FALSE
536;04.11.2015;11:57;;12:04;;13:22;;1h 25m;5;TRUE;FALSE;TRUE;TRUE;FALSE
535;04.11.2015;08:54;;09:00;;09:21;;27m;5;TRUE;FALSE;TRUE;TRUE;FALSE
534;02.11.2015;09:52;;10:04;;10:53;;1h 1m;5;TRUE;FALSE;TRUE;FALSE;FALSE
533;30.10.2015;14:13;;14:25;;14:48;;35m;5;FALSE;FALSE;TRUE;TRUE;FALSE
532;30.10.2015;09:53;;10:10;;11:08;;1h 15m;5;TRUE;FALSE;TRUE;TRUE;FALSE
531;30.10.2015;08:36;;08:43;;09:07;;31m;5;TRUE;FALSE;TRUE;TRUE;FALSE
530;28.10.2015;09:33;;09:37;;09:49;;16m;4;TRUE;FALSE;TRUE;TRUE;FALSE
529;16.10.2015;13:40;;13:44;;14:03;;23m;5;TRUE;FALSE;TRUE;TRUE;FALSE
528;16.10.2015;12:57;;13:07;;13:40;D;43m;5;TRUE;FALSE;TRUE;TRUE;FALSE
527;16.10.2015;10:18;;10:21;;10:49;;31m;5;TRUE;FALSE;TRUE;TRUE;FALSE
526;16.10.2015;09:01;;09:04;;09:32;;31m;5;TRUE;FALSE;TRUE;TRUE;FALSE
525;15.10.2015;13:45;;13:52;;14:22;;37m;4;TRUE;FALSE;TRUE;TRUE;FALSE
524;15.10.2015;10:45;;10:52;;11:31;;46m;5;TRUE;FALSE;TRUE;TRUE;FALSE
523;14.10.2015;13:25;;13:32;;14:01;;36m;4;TRUE;FALSE;TRUE;TRUE;FALSE
522;13.10.2015;14:08;;14:12;;15:30;;1h 22m;5;TRUE;FALSE;TRUE;TRUE;FALSE
521;03.10.2015;13:04;;13:09;;13:28;;24m;5;TRUE;FALSE;TRUE;FALSE;FALSE
520;03.10.2015;11:33;;11:42;;12:19;;46m;5;TRUE;FALSE;TRUE;FALSE;FALSE
519;03.10.2015;10:29;;10:36;;11:02;;33m;4;FALSE;FALSE;TRUE;FALSE;FALSE
518;02.10.2015;15:27;;15:35;;16:19;;52m;5;TRUE;FALSE;TRUE;FALSE;FALSE
517;02.10.2015;12:20;;12:29;;13:22;;1h 2m;5;TRUE;FALSE;TRUE;FALSE;FALSE
516;02.10.2015;11:40;;11:48;;12:20;D;40m;5;TRUE;FALSE;TRUE;FALSE;FALSE
515;02.10.2015;08:31;;08:43;;09:37;;1h 6m;5;TRUE;FALSE;TRUE;FALSE;FALSE
514;01.10.2015;13:04;;13:12;;14:46;;1h 42m;5;TRUE;FALSE;TRUE;FALSE;FALSE
513;01.10.2015;09:20;;09:37;;10:49;;1h 29m;5;TRUE;FALSE;TRUE;FALSE;FALSE
512;30.09.2015;13:19;;13:22;;14:11;;52m;5;TRUE;FALSE;TRUE;FALSE;FALSE
511;30.09.2015;10:50;;10:58;;13:05;;2h 15m;5;TRUE;FALSE;TRUE;FALSE;FALSE
510;29.09.2015;12:55;;13:07;;14:02;;1h 7m;5;TRUE;FALSE;TRUE;FALSE;FALSE
509;29.09.2015;11:09;;11:19;;12:43;;1h 34m;5;TRUE;FALSE;TRUE;FALSE;FALSE
508;29.09.2015;10:05;;10:15;;10:31;;26m;3;TRUE;FALSE;TRUE;FALSE;FALSE
507;29.09.2015;08:47;;08:52;;09:59;;1h 12m;5;TRUE;FALSE;TRUE;FALSE;FALSE
506;29.09.2015;07:57;;08:10;;08:30;;33m;3;FALSE;FALSE;TRUE;FALSE;FALSE
505;28.09.2015;14:54;;14:59;;16:07;;1h 13m;5;TRUE;FALSE;TRUE;FALSE;FALSE
504;28.09.2015;13:02;;13:20;;14:29;;1h 27m;5;TRUE;FALSE;TRUE;FALSE;FALSE
503;28.09.2015;12:29;;12:39;;13:02;D;33m;5;TRUE;FALSE;TRUE;FALSE;FALSE
502;28.09.2015;11:23;;11:36;;12:29;D;1h 6m;5;TRUE;FALSE;TRUE;FALSE;FALSE
501;28.09.2015;08:41;;09:03;;09:51;;1h 10m;5;TRUE;FALSE;TRUE;FALSE;FALSE
500;28.09.2015;07:25;;07:38;;08:39;;1h 14m;5;FALSE;FALSE;TRUE;FALSE;FALSE
499;27.09.2015;15:33;;15:39;;16:12;;39m;3;FALSE;FALSE;TRUE;FALSE;FALSE
498;27.09.2015;13:39;;13:49;;14:17;;38m;3;TRUE;FALSE;TRUE;FALSE;FALSE
497;27.09.2015;12:47;;12:58;;13:25;;38m;4;TRUE;FALSE;TRUE;FALSE;FALSE
496;27.09.2015;12:22;;12:27;;12:42;;20m;3;TRUE;FALSE;TRUE;FALSE;FALSE
495;27.09.2015;10:32;;10:44;;12:20;;1h 48m;5;TRUE;FALSE;TRUE;FALSE;FALSE
494;20.09.2015;09:33;;09:36;;10:17;;44m;4;TRUE;FALSE;TRUE;FALSE;FALSE
493;17.09.2015;13:12;;13:35;;14:03;;51m;3;FALSE;FALSE;FALSE;TRUE;FALSE
492;17.09.2015;09:30;;09:42;;10:58;;1h 28m;5;TRUE;TRUE;FALSE;TRUE;FALSE
491;16.09.2015;12:43;;12:55;;13:21;;38m;3;TRUE;FALSE;FALSE;FALSE;FALSE
490;09.09.2015;11:33;;11:40;;12:17;;44m;4;FALSE;FALSE;TRUE;FALSE;FALSE
489;28.08.2015;13:06;;13:15;;15:04;;1h 58m;5;TRUE;FALSE;TRUE;FALSE;FALSE
488;28.08.2015;12:46;;12:56;;13:06;D;20m;5;TRUE;FALSE;TRUE;FALSE;FALSE
487;28.08.2015;11:25;;11:47;;12:46;D;1h 21m;5;TRUE;FALSE;TRUE;FALSE;FALSE
486;28.08.2015;08:14;;08:25;;09:32;;1h 18m;5;TRUE;FALSE;TRUE;FALSE;FALSE
485;26.08.2015;13:42;;13:55;;15:01;;1h 19m;5;TRUE;FALSE;TRUE;FALSE;FALSE
484;25.08.2015;11:57;;12:02;;12:29;;32m;5;TRUE;FALSE;TRUE;FALSE;FALSE
483;25.08.2015;10:28;;10:47;;11:20;;52m;5;TRUE;FALSE;TRUE;FALSE;FALSE
482;24.08.2015;15:11;;15:17;;16:08;;57m;5;TRUE;FALSE;TRUE;FALSE;FALSE
481;24.08.2015;13:56;;14:01;;14:33;;37m;3;TRUE;FALSE;TRUE;FALSE;FALSE
480;24.08.2015;13:21;;13:30;;13:44;;23m;4;TRUE;FALSE;TRUE;FALSE;FALSE
479;24.08.2015;12:04;;12:14;;12:48;;44m;5;TRUE;FALSE;TRUE;FALSE;FALSE
478;24.08.2015;09:54;;10:03;;10:34;;40m;4;TRUE;FALSE;TRUE;FALSE;FALSE
477;24.08.2015;07:26;;07:36;;09:14;;1h 48m;5;FALSE;TRUE;TRUE;FALSE;FALSE
476;24.08.2015;07:08;;07:17;;07:26;D;18m;5;FALSE;FALSE;TRUE;FALSE;FALSE
475;23.08.2015;11:18;;11:28;;11:58;;40m;5;TRUE;FALSE;TRUE;FALSE;FALSE
474;23.08.2015;08:58;;09:03;;09:38;;40m;5;TRUE;FALSE;TRUE;FALSE;FALSE
473;23.08.2015;07:03;;07:17;;07:59;;56m;5;FALSE;FALSE;TRUE;FALSE;FALSE
472;22.08.2015;13:20;;13:30;;15:22;;2h 2m;5;TRUE;FALSE;TRUE;FALSE;FALSE
471;22.08.2015;11:15;;11:32;;12:47;;1h 32m;5;TRUE;FALSE;TRUE;FALSE;FALSE
470;22.08.2015;10:23;;10:28;;11:14;;51m;5;TRUE;FALSE;TRUE;FALSE;FALSE
469;22.08.2015;09:08;;09:26;;10:23;;1h 15m;5;TRUE;FALSE;TRUE;FALSE;FALSE
468;22.08.2015;08:36;;08:48;;09:08;D;32m;5;TRUE;FALSE;TRUE;FALSE;FALSE
467;22.08.2015;06:31;;06:58;;08:17;;1h 46m;5;TRUE;FALSE;TRUE;FALSE;FALSE
466;21.08.2015;09:38;;09:51;;11:23;;1h 45m;5;TRUE;FALSE;TRUE;FALSE;FALSE
465;13.08.2015;13:13;;13:33;;13:56;;43m;3;TRUE;FALSE;FALSE;FALSE;FALSE
464;09.08.2015;07:34;;07:52;;09:07;;1h 33m;5;FALSE;FALSE;TRUE;FALSE;FALSE
463;08.08.2015;14:29;;14:40;;15:12;;43m;4;FALSE;FALSE;TRUE;FALSE;FALSE
462;08.08.2015;08:59;;09:13;;09:47;;48m;5;TRUE;FALSE;TRUE;FALSE;FALSE
461;06.07.2015;11:35;;11:45;;12:37;;1h 2m;5;TRUE;FALSE;TRUE;FALSE;FALSE
460;06.07.2015;08:28;;08:51;;10:08;;1h 40m;5;TRUE;FALSE;TRUE;FALSE;FALSE
459;06.07.2015;07:32;;07:54;;08:15;;43m;5;FALSE;FALSE;TRUE;TRUE;FALSE
458;03.07.2015;12:49;;12:55;;14:08;;1h 19m;5;TRUE;FALSE;TRUE;TRUE;FALSE
457;03.07.2015;11:18;;11:32;;11:52;;34m;5;TRUE;FALSE;TRUE;FALSE;FALSE
455;03.07.2015;09:15;;09:22;;10:38;;1h 23m;5;TRUE;FALSE;TRUE;TRUE;FALSE
454;02.07.2015;15:26;;15:38;;16:21;;55m;5;TRUE;FALSE;TRUE;TRUE;FALSE
453;29.06.2015;14:45;;15:00;;15:28;;43m;5;TRUE;FALSE;TRUE;TRUE;FALSE
452;27.06.2015;10:53;;11:09;;11:43;;50m;5;TRUE;FALSE;TRUE;TRUE;FALSE
451;25.06.2015;08:05;;08:38;;13:40;;5h 35m;5;TRUE;FALSE;TRUE;TRUE;FALSE
450;24.06.2015;15:15;;15:31;;16:16;;1h 1m;5;TRUE;FALSE;TRUE;TRUE;FALSE
449;23.06.2015;12:13;;12:24;;12:59;;46m;3;TRUE;FALSE;TRUE;FALSE;FALSE
448;22.06.2015;07:35;;07:42;;08:06;;31m;4;FALSE;FALSE;TRUE;TRUE;FALSE
447;21.06.2015;09:40;;09:48;;11:36;;1h 56m;5;TRUE;FALSE;TRUE;TRUE;FALSE
446;20.06.2015;06:27;;06:50;;08:48;;2h 21m;5;TRUE;FALSE;TRUE;TRUE;FALSE
445;19.06.2015;09:20;;09:30;;11:16;;1h 56m;5;TRUE;FALSE;TRUE;TRUE;FALSE
444;15.06.2015;10:25;;10:33;;11:27;;1h 2m;5;TRUE;FALSE;FALSE;FALSE;FALSE
443;13.06.2015;15:57;;16:15;;16:38;;41m;4;TRUE;FALSE;FALSE;TRUE;FALSE
442;13.06.2015;14:27;;14:41;;15:45;;1h 18m;5;TRUE;FALSE;FALSE;TRUE;FALSE
441;13.06.2015;12:33;;12:53;;13:45;;1h 12m;5;TRUE;FALSE;FALSE;TRUE;FALSE
440;13.06.2015;10:25;;10:32;;10:54;;29m;5;TRUE;FALSE;FALSE;FALSE;FALSE
439;13.06.2015;09:40;;09:47;;10:25;D;45m;5;TRUE;FALSE;FALSE;TRUE;FALSE
438;13.06.2015;07:18;;07:29;;08:54;;1h 36m;3;FALSE;FALSE;FALSE;TRUE;FALSE
437;13.06.2015;06:21;;06:30;;06:50;;29m;4;TRUE;FALSE;FALSE;TRUE;FALSE
436;12.06.2015;15:23;;15:40;;16:08;;45m;4;TRUE;FALSE;FALSE;TRUE;FALSE
435;11.06.2015;15:16;;15:24;;16:12;;56m;5;TRUE;FALSE;FALSE;TRUE;FALSE
434;11.06.2015;14:33;;14:40;;15:16;D;43m;5;TRUE;FALSE;FALSE;TRUE;FALSE
433;11.06.2015;11:58;;12:04;;12:44;;46m;5;TRUE;FALSE;FALSE;FALSE;FALSE
432;11.06.2015;11:43;;11:45;;11:58;D;15m;5;TRUE;FALSE;FALSE;FALSE;FALSE
431;11.06.2015;11:26;;11:40;;11:43;D;17m;5;TRUE;FALSE;FALSE;TRUE;FALSE
430;11.06.2015;09:40;;09:43;;10:04;;24m;3;TRUE;FALSE;FALSE;FALSE;FALSE
429;11.06.2015;08:50;;08:59;;09:40;D;50m;5;TRUE;FALSE;FALSE;TRUE;FALSE
428;10.06.2015;14:06;;14:23;;14:40;;34m;3;TRUE;FALSE;FALSE;FALSE;FALSE
427;10.06.2015;12:35;;13:07;;14:03;;1h 28m;3;TRUE;FALSE;FALSE;FALSE;FALSE
426;05.06.2015;09:25;;09:40;;10:10;;45m;3;TRUE;FALSE;FALSE;FALSE;FALSE
425;19.05.2015;11:55;;12:02;;12:50;;55m;4;TRUE;FALSE;TRUE;FALSE;FALSE
424;14.05.2015;14:00;;14:10;;14:47;;47m;5;TRUE;FALSE;TRUE;TRUE;FALSE
423;14.05.2015;07:30;;07:34;;08:05;;35m;5;FALSE;FALSE;TRUE;TRUE;FALSE
422;13.05.2015;11:06;;11:16;;11:53;;47m;5;TRUE;FALSE;TRUE;TRUE;FALSE
421;13.05.2015;09:43;;10:00;;10:41;;58m;5;TRUE;FALSE;TRUE;TRUE;FALSE
420;12.05.2015;11:48;;11:53;;12:31;;43m;5;TRUE;FALSE;TRUE;FALSE;FALSE
419;12.05.2015;10:44;;10:48;;10:54;;10m;3;TRUE;FALSE;TRUE;FALSE;FALSE
418;10.05.2015;12:47;;13:01;;13:43;;56m;5;TRUE;FALSE;TRUE;FALSE;FALSE
417;09.05.2015;08:01;;08:15;;08:56;;55m;5;TRUE;FALSE;TRUE;TRUE;FALSE
416;08.05.2015;09:37;;09:42;;10:20;;43m;5;TRUE;FALSE;TRUE;TRUE;FALSE
415;07.05.2015;15:21;;15:30;;16:01;;40m;3;TRUE;FALSE;TRUE;TRUE;FALSE
414;07.05.2015;09:56;;10:06;;11:29;;1h 33m;5;TRUE;FALSE;TRUE;FALSE;FALSE
413;06.05.2015;11:47;;11:58;;13:06;;1h 19m;5;TRUE;FALSE;TRUE;FALSE;FALSE
412;06.05.2015;11:08;;11:19;;11:37;;29m;5;TRUE;FALSE;TRUE;FALSE;FALSE
411;05.05.2015;14:21;;14:36;;15:20;;59m;5;TRUE;FALSE;TRUE;FALSE;FALSE
410;05.05.2015;13:46;;14:00;;14:21;D;35m;5;TRUE;FALSE;TRUE;FALSE;FALSE
409;05.05.2015;12:32;;12:42;;12:49;;17m;4;TRUE;FALSE;FALSE;FALSE;FALSE
408;05.05.2015;12:14;;12:20;;12:27;;13m;4;TRUE;FALSE;FALSE;FALSE;FALSE
407;05.05.2015;11:56;;12:01;;12:14;;18m;4;TRUE;FALSE;FALSE;FALSE;FALSE
406;05.05.2015;11:19;;11:41;;11:56;D;37m;5;TRUE;FALSE;FALSE;TRUE;FALSE
405;05.05.2015;09:44;;10:03;;10:56;;1h 12m;5;TRUE;FALSE;TRUE;FALSE;FALSE
404;05.05.2015;09:12;;09:21;;09:44;D;32m;5;TRUE;FALSE;TRUE;TRUE;FALSE
403;05.05.2015;08:31;;08:41;;09:03;;32m;5;TRUE;FALSE;TRUE;TRUE;FALSE
402;05.05.2015;08:22;;08:27;;08:31;D;9m;4;TRUE;FALSE;TRUE;TRUE;FALSE
401;05.05.2015;07:58;;08:04;;08:17;;19m;5;TRUE;FALSE;TRUE;TRUE;FALSE
400;05.05.2015;06:55;;07:18;;07:34;;39m;4;FALSE;FALSE;TRUE;TRUE;FALSE
399;04.05.2015;10:23;;10:34;;11:10;;47m;5;TRUE;FALSE;TRUE;FALSE;FALSE
398;04.05.2015;08:38;;08:55;;09:18;;40m;4;TRUE;FALSE;TRUE;FALSE;FALSE
397;24.04.2015;08:42;;08:47;;09:14;;32m;4;TRUE;FALSE;FALSE;FALSE;FALSE
396;23.04.2015;12:00;;12:08;;12:59;;59m;5;TRUE;FALSE;TRUE;FALSE;FALSE
395;23.04.2015;09:00;;09:52;;12:00;D;3h;5;TRUE;FALSE;TRUE;FALSE;FALSE
394;23.04.2015;07:31;;07:50;;08:19;;48m;3;FALSE;FALSE;TRUE;TRUE;FALSE
393;22.04.2015;12:13;;12:18;;12:54;;41m;3;TRUE;FALSE;TRUE;TRUE;FALSE
392;22.04.2015;08:33;;08:54;;09:57;;1h 24m;5;TRUE;FALSE;TRUE;TRUE;FALSE
391;22.04.2015;07:59;;08:12;;08:33;D;34m;5;TRUE;FALSE;TRUE;TRUE;FALSE
390;22.04.2015;07:07;;07:12;;07:29;;22m;4;FALSE;FALSE;TRUE;TRUE;FALSE
389;21.04.2015;16:58;;17:04;;17:22;;24m;5;TRUE;FALSE;TRUE;TRUE;FALSE
388;21.04.2015;15:36;;15:48;;16:58;D;1h 22m;5;TRUE;FALSE;TRUE;TRUE;FALSE
387;21.04.2015;11:50;;12:01;;13:10;;1h 20m;5;TRUE;FALSE;TRUE;TRUE;FALSE
386;21.04.2015;10:17;;10:50;;11:50;D;1h 33m;5;TRUE;FALSE;TRUE;TRUE;FALSE
385;21.04.2015;09:56;;10:04;;10:17;D;21m;5;TRUE;FALSE;TRUE;TRUE;FALSE
384;18.04.2015;14:09;;14:23;;15:16;;1h 7m;5;TRUE;FALSE;TRUE;TRUE;FALSE
383;18.04.2015;13:34;;13:40;;13:57;;23m;4;TRUE;FALSE;TRUE;FALSE;FALSE
382;16.04.2015;13:06;;13:09;;13:25;;19m;4;TRUE;FALSE;FALSE;FALSE;FALSE
381;16.04.2015;11:17;;11:25;;11:43;;26m;4;TRUE;FALSE;TRUE;FALSE;FALSE
380;16.04.2015;09:03;;09:10;;09:52;;49m;5;TRUE;FALSE;TRUE;TRUE;FALSE
379;15.04.2015;11:38;;11:48;;11:53;;15m;4;TRUE;FALSE;TRUE;FALSE;FALSE
378;13.04.2015;11:28;;11:40;;12:11;;43m;5;TRUE;FALSE;TRUE;FALSE;FALSE
377;13.04.2015;10:08;;10:15;;10:31;;23m;5;TRUE;FALSE;TRUE;FALSE;FALSE
376;13.04.2015;08:22;;08:33;;09:22;;1h;5;TRUE;FALSE;TRUE;TRUE;FALSE
375;12.04.2015;09:17;;09:55;;13:06;;3h 49m;5;TRUE;FALSE;TRUE;TRUE;FALSE
374;12.04.2015;08:13;;08:21;;08:53;;40m;5;TRUE;FALSE;TRUE;TRUE;FALSE
373;10.04.2015;09:24;;09:59;;10:39;;1h 15m;5;TRUE;FALSE;TRUE;TRUE;FALSE
372;10.04.2015;08:01;;08:07;;09:01;;1h;5;TRUE;FALSE;TRUE;TRUE;FALSE
371;08.04.2015;14:40;;14:47;;15:53;;1h 13m;5;TRUE;FALSE;TRUE;TRUE;FALSE
370;30.03.2015;12:45;;13:00;;13:38;;53m;5;TRUE;FALSE;TRUE;FALSE;FALSE
369;29.03.2015;15:28;;15:36;;15:58;;30m;5;FALSE;FALSE;TRUE;TRUE;FALSE
368;29.03.2015;13:18;;13:25;;13:41;;23m;4;TRUE;FALSE;TRUE;TRUE;FALSE
367;29.03.2015;12:31;;12:38;;12:47;;16m;3;TRUE;FALSE;TRUE;TRUE;FALSE
366;29.03.2015;12:03;;12:11;;12:28;;25m;3;TRUE;FALSE;TRUE;TRUE;FALSE
365;29.03.2015;11:21;;11:35;;11:52;;31m;4;TRUE;FALSE;FALSE;FALSE;FALSE
364;29.03.2015;10:37;;10:45;;11:04;;27m;4;TRUE;FALSE;TRUE;TRUE;FALSE
363;28.03.2015;09:36;;09:45;;09:52;;16m;4;FALSE;FALSE;TRUE;FALSE;FALSE
362;25.03.2015;08:26;;08:35;;08:42;;16m;3;TRUE;FALSE;TRUE;TRUE;FALSE
361;23.03.2015;09:03;;09:13;;09:31;;28m;5;TRUE;FALSE;TRUE;FALSE;FALSE
360;22.03.2015;10:00;;10:08;;10:28;;28m;3;FALSE;FALSE;TRUE;FALSE;FALSE
359;22.03.2015;09:16;;09:35;;09:53;;37m;3;FALSE;FALSE;TRUE;FALSE;FALSE
358;20.03.2015;09:04;;09:32;;10:34;;1h 30m;4;FALSE;FALSE;TRUE;TRUE;FALSE
357;19.03.2015;08:17;;08:25;;08:48;;31m;3;TRUE;FALSE;TRUE;TRUE;FALSE
356;18.03.2015;12:54;;13:15;;13:42;;48m;3;TRUE;FALSE;TRUE;FALSE;FALSE
355;18.03.2015;12:23;;12:31;;12:42;;19m;3;TRUE;FALSE;TRUE;FALSE;FALSE
354;18.03.2015;10:16;;10:31;;11:18;;1h 2m;5;TRUE;FALSE;TRUE;TRUE;FALSE
353;18.03.2015;09:43;;09:52;;10:03;;20m;3;TRUE;FALSE;TRUE;TRUE;FALSE
352;16.03.2015;13:52;;13:56;;14:17;;25m;5;TRUE;FALSE;TRUE;TRUE;FALSE
351;16.03.2015;10:40;;11:09;;12:24;;1h 44m;5;TRUE;FALSE;TRUE;TRUE;FALSE
350;16.03.2015;09:40;;09:48;;10:10;;30m;5;TRUE;FALSE;TRUE;FALSE;FALSE
349;15.03.2015;11:30;;12:07;;13:21;;1h 51m;5;TRUE;FALSE;TRUE;FALSE;FALSE
348;15.03.2015;09:35;;09:43;;10:36;;1h 1m;5;TRUE;FALSE;TRUE;TRUE;FALSE
347;14.03.2015;13:23;;13:27;;13:37;;14m;3;TRUE;FALSE;TRUE;FALSE;FALSE
346;14.03.2015;12:12;;12:19;;12:31;;19m;3;TRUE;FALSE;FALSE;FALSE;FALSE
345;14.03.2015;11:49;D;11:59;;12:12;;23m;3;TRUE;FALSE;TRUE;FALSE;FALSE
344;13.03.2015;11:19;;11:29;;11:51;;32m;3;TRUE;FALSE;TRUE;FALSE;FALSE
343;12.03.2015;13:46;;14:13;;15:19;;1h 33m;5;TRUE;FALSE;TRUE;TRUE;FALSE
342;12.03.2015;11:40;;11:53;;13:22;;1h 42m;5;TRUE;FALSE;TRUE;TRUE;FALSE
341;12.03.2015;08:59;;09:14;;10:36;;1h 37m;5;TRUE;FALSE;TRUE;FALSE;FALSE
340;12.03.2015;08:08;;08:21;;08:43;;35m;5;TRUE;FALSE;TRUE;FALSE;FALSE
339;11.03.2015;16:15;;16:26;;17:20;;1h 5m;5;TRUE;FALSE;TRUE;FALSE;FALSE
338;11.03.2015;13:11;;13:16;;13:34;;23m;5;TRUE;FALSE;TRUE;FALSE;FALSE
337;11.03.2015;11:21;;11:41;;13:07;;1h 46m;5;TRUE;FALSE;TRUE;FALSE;FALSE
336;11.03.2015;09:23;;09:27;;09:44;;21m;3;TRUE;FALSE;TRUE;FALSE;FALSE
335;11.03.2015;07:46;;07:59;;08:32;;46m;4;FALSE;FALSE;TRUE;FALSE;FALSE
334;11.03.2015;07:28;;07:34;;07:46;;18m;3;FALSE;FALSE;TRUE;FALSE;FALSE
333;11.03.2015;07:17;;07:21;;07:28;D;11m;3;FALSE;FALSE;TRUE;FALSE;FALSE
332;09.03.2015;14:24;;14:42;;15:26;;1h 2m;5;TRUE;FALSE;TRUE;FALSE;FALSE
331;09.03.2015;10:04;;10:12;;10:40;;36m;5;TRUE;FALSE;TRUE;FALSE;FALSE
330;08.03.2015;09:09;;09:27;;09:42;;33m;3;TRUE;FALSE;TRUE;FALSE;FALSE
329;07.03.2015;14:01;;14:26;;15:04;;1h 3m;3;TRUE;FALSE;FALSE;FALSE;FALSE
328;05.03.2015;09:39;;09:50;;10:15;;36m;5;TRUE;FALSE;TRUE;FALSE;FALSE
327;03.03.2015;13:24;;13:36;;14:18;;54m;5;TRUE;FALSE;TRUE;TRUE;FALSE
326;03.03.2015;08:50;;08:57;;09:06;;16m;4;TRUE;FALSE;TRUE;TRUE;FALSE
325;02.03.2015;15:11;;15:28;;16:08;;57m;5;TRUE;FALSE;TRUE;TRUE;FALSE
324;02.03.2015;14:09;;14:14;;14:42;;33m;4;TRUE;FALSE;FALSE;FALSE;FALSE
323;02.03.2015;12:49;;13:09;;13:28;;39m;5;TRUE;FALSE;TRUE;TRUE;FALSE
322;02.03.2015;11:56;;12:01;;12:15;;19m;4;TRUE;FALSE;TRUE;TRUE;FALSE
321;02.03.2015;11:25;;11:31;;11:41;;16m;4;TRUE;FALSE;TRUE;FALSE;FALSE
320;02.03.2015;10:26;;10:38;;11:14;;48m;5;TRUE;FALSE;TRUE;FALSE;FALSE
319;02.03.2015;09:35;;09:53;;10:26;D;51m;5;TRUE;FALSE;TRUE;FALSE;FALSE
318;02.03.2015;09:13;;09:18;;09:34;;21m;5;TRUE;FALSE;TRUE;TRUE;FALSE
317;02.03.2015;09:04;;09:06;;09:11;;7m;4;TRUE;FALSE;FALSE;FALSE;FALSE
316;02.03.2015;08:39;;08:44;;08:54;;15m;5;TRUE;FALSE;TRUE;TRUE;FALSE
315;28.02.2015;09:05;;09:51;;10:22;;1h 17m;5;TRUE;FALSE;TRUE;TRUE;FALSE
314;19.02.2015;13:48;;14:05;;14:20;;32m;4;FALSE;FALSE;TRUE;FALSE;FALSE
313;11.02.2015;12:01;;12:16;;12:31;;30m;4;FALSE;FALSE;TRUE;FALSE;FALSE
312;11.02.2015;10:50;;11:03;;11:15;;25m;4;FALSE;FALSE;TRUE;FALSE;FALSE
311;10.02.2015;10:51;;11:14;;11:40;;49m;3;TRUE;FALSE;TRUE;FALSE;FALSE
310;09.02.2015;08:17;;08:39;;08:50;;33m;3;TRUE;FALSE;FALSE;FALSE;FALSE
309;08.02.2015;12:06;;12:20;;13:00;;54m;4;TRUE;FALSE;TRUE;FALSE;FALSE
308;08.02.2015;11:33;;11:45;;12:06;;33m;4;TRUE;FALSE;TRUE;FALSE;FALSE
307;08.02.2015;10:33;;11:03;;11:24;;51m;4;TRUE;FALSE;TRUE;FALSE;FALSE
306;08.02.2015;09:40;;09:45;;10:02;;22m;3;TRUE;FALSE;TRUE;FALSE;FALSE
305;04.02.2015;10:05;;10:13;;10:23;;18m;3;FALSE;TRUE;TRUE;TRUE;FALSE
304;03.02.2015;10:48;;10:53;;11:11;;23m;4;TRUE;FALSE;FALSE;TRUE;FALSE
303;03.02.2015;09:39;;09:48;;10:00;;21m;3;TRUE;FALSE;FALSE;FALSE;FALSE
302;30.01.2015;12:13;;12:19;;13:09;;56m;5;TRUE;FALSE;TRUE;TRUE;FALSE
301;29.01.2015;12:24;;12:28;;12:38;;14m;4;TRUE;FALSE;TRUE;TRUE;FALSE
300;29.01.2015;11:35;;11:46;;12:21;;46m;5;TRUE;FALSE;TRUE;TRUE;FALSE
299;29.01.2015;10:36;;10:44;;10:55;;19m;4;FALSE;FALSE;FALSE;TRUE;FALSE
298;29.01.2015;09:52;;10:00;;10:12;;20m;5;FALSE;FALSE;FALSE;TRUE;FALSE
297;21.01.2015;11:36;;11:44;;12:25;;49m;5;TRUE;FALSE;TRUE;FALSE;FALSE
296;21.01.2015;10:41;;10:48;;11:17;;36m;5;TRUE;FALSE;TRUE;FALSE;FALSE
295;14.01.2015;12:50;;13:01;;14:03;;1h 13m;5;TRUE;FALSE;TRUE;TRUE;FALSE
294;14.01.2015;09:32;;09:46;;10:18;;46m;5;TRUE;FALSE;TRUE;TRUE;FALSE
293;12.01.2015;12:49;;12:58;;13:14;;25m;5;TRUE;FALSE;TRUE;TRUE;FALSE
292;10.01.2015;11:17;;11:31;;12:12;;55m;4;TRUE;FALSE;TRUE;FALSE;FALSE
291;10.01.2015;08:34;;08:38;;08:51;;17m;3;TRUE;FALSE;FALSE;FALSE;FALSE
290;08.01.2015;11:35;;11:58;;12:30;;55m;3;TRUE;FALSE;TRUE;FALSE;FALSE
289;08.01.2015;10:38;;10:49;;11:03;;25m;3;TRUE;FALSE;TRUE;FALSE;FALSE
288;08.01.2015;08:27;;08:39;;09:08;;41m;3;TRUE;FALSE;FALSE;FALSE;FALSE
287;08.01.2015;07:40;;08:00;;08:13;;33m;3;TRUE;FALSE;FALSE;TRUE;FALSE
286;07.01.2015;11:46;;11:54;;12:14;;28m;5;TRUE;FALSE;TRUE;TRUE;FALSE
285;06.01.2015;11:45;;11:52;;12:22;;37m;5;TRUE;FALSE;FALSE;TRUE;FALSE
284;06.01.2015;08:11;;08:38;;09:08;;57m;4;TRUE;TRUE;TRUE;FALSE;FALSE
283;03.01.2015;09:45;;09:49;;09:59;;14m;4;TRUE;FALSE;TRUE;TRUE;FALSE
282;01.01.2015;11:42;;11:56;;12:13;;31m;4;TRUE;FALSE;TRUE;FALSE;FALSE
281;23.12.2014;10:20;;11:04;;12:02;;1h 42m;5;TRUE;FALSE;TRUE;FALSE;FALSE
280;22.12.2014;10:56;;11:16;;12:12;;1h 16m;5;TRUE;FALSE;TRUE;FALSE;FALSE
279;21.12.2014;11:26;;12:09;;13:24;;1h 58m;5;TRUE;FALSE;TRUE;TRUE;FALSE
278;19.12.2014;09:34;;09:51;;10:43;;1h 9m;5;TRUE;FALSE;TRUE;TRUE;FALSE
277;18.12.2014;12:45;;12:53;;13:40;;55m;5;TRUE;FALSE;TRUE;TRUE;FALSE
276;16.12.2014;11:35;;11:42;;12:21;;46m;5;TRUE;FALSE;TRUE;TRUE;FALSE
275;16.12.2014;10:11;;10:20;;10:43;;32m;5;TRUE;FALSE;TRUE;TRUE;FALSE
274;13.12.2014;13:03;;13:11;;13:35;;32m;5;TRUE;FALSE;TRUE;TRUE;FALSE
273;13.12.2014;10:52;;11:01;;11:11;;19m;4;TRUE;FALSE;TRUE;TRUE;FALSE
272;13.12.2014;10:05;;10:13;;10:37;;32m;5;TRUE;FALSE;TRUE;TRUE;FALSE
271;09.12.2014;12:31;;12:37;;12:59;;28m;5;TRUE;FALSE;TRUE;TRUE;FALSE
270;09.12.2014;10:19;;10:27;;10:56;;37m;4;TRUE;FALSE;TRUE;TRUE;FALSE
269;09.12.2014;09:59;;10:11;;10:19;D;20m;4;TRUE;FALSE;TRUE;TRUE;FALSE
268;05.12.2014;12:05;;12:26;;13:00;;55m;5;TRUE;FALSE;TRUE;TRUE;FALSE
267;04.12.2014;08:40;;09:16;;10:08;;1h 28m;4;FALSE;FALSE;TRUE;TRUE;FALSE
266;04.12.2014;08:13;;08:38;;08:56;;43m;4;FALSE;FALSE;TRUE;TRUE;FALSE
265;04.12.2014;07:10;;07:59;;08:11;;1h 1m;4;FALSE;FALSE;TRUE;TRUE;FALSE
264;03.12.2014;13:24;;13:31;;13:44;;20m;4;FALSE;FALSE;TRUE;TRUE;FALSE
263;02.12.2014;13:38;;13:53;;14:14;;36m;3;FALSE;FALSE;TRUE;TRUE;FALSE
262;29.11.2014;13:42;;13:48;;14:11;;29m;4;FALSE;FALSE;TRUE;TRUE;FALSE
261;29.11.2014;10:00;;10:09;;10:32;;32m;4;TRUE;FALSE;TRUE;TRUE;FALSE
260;28.11.2014;11:17;;11:25;;11:47;;30m;3;FALSE;FALSE;FALSE;TRUE;FALSE
259;27.11.2014;10:54;;11:02;;11:35;;41m;5;TRUE;FALSE;TRUE;TRUE;FALSE
258;27.11.2014;10:14;;10:24;;10:49;;35m;5;TRUE;FALSE;TRUE;TRUE;FALSE
257;27.11.2014;09:34;;09:46;;10:02;;28m;5;TRUE;FALSE;TRUE;TRUE;FALSE
256;24.11.2014;10:53;;11:07;;12:07;;1h 14m;5;TRUE;FALSE;TRUE;TRUE;FALSE
255;23.11.2014;10:38;;10:55;;11:37;;59m;5;TRUE;FALSE;TRUE;TRUE;FALSE
254;17.11.2014;08:46;;08:51;;09:02;;16m;3;FALSE;FALSE;FALSE;TRUE;FALSE
253;16.11.2014;10:02;;10:08;;10:31;;29m;4;TRUE;FALSE;FALSE;TRUE;FALSE
252;16.11.2014;09:09;;09:14;;09:33;;24m;3;FALSE;FALSE;FALSE;TRUE;FALSE
251;15.11.2014;11:43;;12:05;;13:26;;1h 43m;5;TRUE;FALSE;TRUE;TRUE;FALSE
250;12.11.2014;10:29;E;10:50;;12:14;;1h 45m;5;TRUE;FALSE;TRUE;TRUE;FALSE
249;12.11.2014;09:40;;09:56;;10:25;D;45m;5;TRUE;FALSE;TRUE;TRUE;FALSE
248;11.11.2014;11:17;;11:26;;11:57;;40m;5;TRUE;FALSE;TRUE;TRUE;FALSE
247;10.11.2014;12:29;;12:37;;13:08;;39m;5;TRUE;FALSE;TRUE;TRUE;FALSE
246;10.11.2014;10:17;;10:24;;10:40;;23m;4;TRUE;FALSE;FALSE;FALSE;FALSE
245;07.11.2014;12:04;;12:08;;12:27;;23m;4;TRUE;FALSE;TRUE;TRUE;FALSE
244;07.11.2014;10:07;;10:27;;11:24;;1h 17m;5;TRUE;FALSE;TRUE;TRUE;FALSE
243;06.11.2014;11:00;;11:16;;12:00;;1h;4;TRUE;FALSE;TRUE;FALSE;FALSE
242;05.11.2014;09:39;;10:08;;11:47;;2h 8m;5;TRUE;FALSE;TRUE;TRUE;FALSE
241;04.11.2014;12:07;;12:24;;13:03;;56m;4;FALSE;FALSE;TRUE;FALSE;FALSE
240;04.11.2014;08:22;;09:07;;11:07;;2h 45m;5;TRUE;FALSE;TRUE;TRUE;FALSE
239;03.11.2014;11:27;;12:08;;13:35;;2h 8m;5;TRUE;FALSE;TRUE;TRUE;FALSE
238;01.11.2014;13:45;;13:54;;14:27;;42m;4;FALSE;FALSE;TRUE;TRUE;FALSE
237;01.11.2014;09:21;;09:47;;11:59;;2h 38m;5;TRUE;FALSE;TRUE;TRUE;FALSE
236;30.10.2014;15:28;;15:41;;16:09;;41m;5;TRUE;FALSE;TRUE;FALSE;FALSE
235;30.10.2014;13:07;;13:16;;14:01;;54m;5;TRUE;FALSE;TRUE;FALSE;FALSE
234;30.10.2014;12:39;;12:53;;13:07;D;28m;5;TRUE;FALSE;TRUE;FALSE;FALSE
233;29.10.2014;14:13;;14:38;;15:11;;58m;5;TRUE;FALSE;TRUE;FALSE;FALSE
232;29.10.2014;13:58;;14:02;;14:11;;13m;4;TRUE;FALSE;TRUE;FALSE;FALSE
231;29.10.2014;09:56;;10:30;;13:07;;3h 11m;5;TRUE;FALSE;TRUE;FALSE;FALSE
230;29.10.2014;08:11;;08:24;;09:14;;1h 3m;5;TRUE;FALSE;TRUE;FALSE;FALSE
229;28.10.2014;13:56;;14:05;;14:49;;53m;5;TRUE;FALSE;TRUE;FALSE;FALSE
228;28.10.2014;13:07;;13:13;;13:29;;22m;5;TRUE;FALSE;TRUE;FALSE;FALSE
227;28.10.2014;12:47;;12:51;;13:01;;14m;5;TRUE;FALSE;TRUE;FALSE;FALSE
226;28.10.2014;11:33;;11:40;;11:51;;18m;5;TRUE;FALSE;TRUE;FALSE;FALSE
225;28.10.2014;11:03;;11:09;;11:25;;22m;5;TRUE;FALSE;TRUE;FALSE;FALSE
224;28.10.2014;10:26;;10:30;;10:33;;7m;3;TRUE;FALSE;TRUE;FALSE;FALSE
223;28.10.2014;09:38;;09:42;;09:49;;11m;4;TRUE;FALSE;TRUE;FALSE;FALSE
222;27.10.2014;14:12;;15:03;;16:11;;1h 59m;5;TRUE;FALSE;TRUE;FALSE;FALSE
221;27.10.2014;08:56;;10:38;;13:15;;4h 19m;5;TRUE;FALSE;TRUE;FALSE;FALSE
220;26.10.2014;13:05;;13:12;;13:52;;47m;5;TRUE;FALSE;TRUE;TRUE;FALSE
219;26.10.2014;10:04;;10:54;;12:50;;2h 46m;5;TRUE;FALSE;TRUE;TRUE;FALSE
218;25.10.2014;15:25;;15:47;;15:53;;28m;5;TRUE;FALSE;TRUE;TRUE;FALSE
217;25.10.2014;15:02;;15:06;;15:15;;13m;4;TRUE;FALSE;TRUE;TRUE;FALSE
216;25.10.2014;12:14;;12:21;;12:47;;33m;5;TRUE;FALSE;TRUE;TRUE;FALSE
215;25.10.2014;09:42;;09:51;;10:11;;29m;5;TRUE;FALSE;TRUE;TRUE;FALSE
214;25.10.2014;07:38;;07:45;;08:25;;47m;5;FALSE;FALSE;TRUE;FALSE;FALSE
213;24.10.2014;14:50;;15:02;;15:27;;37m;4;FALSE;FALSE;TRUE;TRUE;FALSE
212;24.10.2014;10:17;;10:41;;11:06;;49m;4;FALSE;FALSE;TRUE;FALSE;FALSE
211;24.10.2014;07:36;;07:50;;08:51;;1h 15m;5;FALSE;FALSE;TRUE;TRUE;FALSE
210;23.10.2014;15:06;;15:19;;15:51;;45m;4;TRUE;FALSE;FALSE;FALSE;FALSE
209;23.10.2014;09:46;;09:53;;11:27;;1h 41m;5;TRUE;FALSE;TRUE;TRUE;FALSE
208;22.10.2014;16:59;;18:06;;18:22;;1h 23m;5;TRUE;FALSE;FALSE;TRUE;FALSE
207;22.10.2014;15:53;;15:56;;16:46;;53m;4;TRUE;FALSE;TRUE;TRUE;FALSE
206;22.10.2014;14:03;;14:45;;15:53;D;1h 50m;5;TRUE;FALSE;TRUE;TRUE;FALSE
205;22.10.2014;12:02;;12:10;;12:25;;23m;5;TRUE;FALSE;TRUE;TRUE;FALSE
204;22.10.2014;09:07;;09:16;;10:00;;53m;5;TRUE;FALSE;TRUE;TRUE;FALSE
203;21.10.2014;13:36;;13:41;;14:19;;43m;5;TRUE;FALSE;TRUE;TRUE;FALSE
202;21.10.2014;12:26;;12:32;;12:49;;23m;5;TRUE;FALSE;TRUE;TRUE;FALSE
201;21.10.2014;10:50;;11:01;;11:48;;58m;5;TRUE;FALSE;TRUE;TRUE;FALSE
199;20.10.2014;15:02;;15:25;;15:58;;56m;4;TRUE;FALSE;TRUE;TRUE;FALSE
198;20.10.2014;11:21;;11:29;;11:53;;32m;5;TRUE;FALSE;TRUE;TRUE;FALSE
197;20.10.2014;09:02;;09:19;;10:28;;1h 26m;5;TRUE;FALSE;TRUE;FALSE;FALSE
196;19.10.2014;12:10;;12:19;;13:17;;1h 7m;5;TRUE;FALSE;TRUE;TRUE;FALSE
195;19.10.2014;11:07;;11:25;;11:59;;52m;5;TRUE;FALSE;TRUE;TRUE;FALSE
194;18.10.2014;13:03;;13:20;;13:50;;47m;5;FALSE;FALSE;TRUE;TRUE;FALSE
193;18.10.2014;07:35;;08:05;;09:09;;1h 34m;5;FALSE;FALSE;TRUE;TRUE;FALSE
192;17.10.2014;12:46;;12:55;;13:48;;1h 2m;5;TRUE;FALSE;TRUE;TRUE;FALSE
191;16.10.2014;12:59;;13:10;;14:28;;1h 29m;5;TRUE;FALSE;TRUE;TRUE;FALSE
190;16.10.2014;08:46;;09:01;;10:28;;1h 42m;5;TRUE;FALSE;TRUE;TRUE;FALSE
189;16.10.2014;07:32;;07:42;;08:05;;33m;5;FALSE;FALSE;TRUE;TRUE;FALSE
188;10.10.2014;09:22;;09:35;;10:22;;1h;5;TRUE;FALSE;TRUE;TRUE;FALSE
187;10.10.2014;06:52;;07:05;;07:37;;45m;4;FALSE;FALSE;FALSE;TRUE;FALSE
186;10.10.2014;05:07;;05:11;;05:16;;9m;3;FALSE;FALSE;FALSE;TRUE;FALSE
185;03.10.2014;11:45;;11:51;;12:36;;51m;5;FALSE;FALSE;TRUE;TRUE;FALSE
184;03.10.2014;10:43;;10:52;;11:04;;21m;4;FALSE;FALSE;TRUE;TRUE;FALSE
183;29.09.2014;12:06;;12:23;;12:54;;48m;4;TRUE;FALSE;TRUE;FALSE;FALSE
182;29.09.2014;10:56;;11:08;;11:39;;43m;3;TRUE;FALSE;TRUE;FALSE;FALSE
181;28.09.2014;10:57;;11:13;;12:00;;1h 3m;4;FALSE;FALSE;TRUE;FALSE;FALSE
180;28.09.2014;07:00;;07:16;;08:26;;1h 26m;5;FALSE;FALSE;TRUE;TRUE;FALSE
179;27.09.2014;08:34;;08:41;;09:27;;53m;5;TRUE;FALSE;TRUE;TRUE;FALSE
178;27.09.2014;06:30;;06:37;;06:52;;22m;3;TRUE;FALSE;FALSE;FALSE;FALSE
177;26.09.2014;16:13;;16:22;;16:52;;39m;5;TRUE;FALSE;TRUE;TRUE;FALSE
176;26.09.2014;13:53;;13:58;;14:17;;24m;4;TRUE;FALSE;TRUE;TRUE;FALSE
175;26.09.2014;12:50;;12:56;;13:21;;31m;5;TRUE;FALSE;TRUE;FALSE;FALSE
174;21.09.2014;11:21;;12:05;;13:51;;2h 30m;5;TRUE;FALSE;TRUE;FALSE;FALSE
173;18.09.2014;08:40;;08:45;;10:01;;1h 21m;5;TRUE;FALSE;TRUE;FALSE;FALSE
172;18.09.2014;07:06;;07:14;;07:40;;34m;3;FALSE;FALSE;TRUE;FALSE;FALSE
171;14.09.2014;14:10;;14:27;;14:54;;44m;3;FALSE;FALSE;TRUE;FALSE;FALSE
170;13.09.2014;12:53;;12:56;;13:42;;49m;5;TRUE;FALSE;TRUE;FALSE;FALSE
169;12.09.2014;09:31;;09:53;;11:43;;2h 12m;5;TRUE;FALSE;TRUE;FALSE;FALSE
168;11.09.2014;15:23;;15:33;;16:53;;1h 30m;5;TRUE;FALSE;TRUE;FALSE;FALSE
167;10.09.2014;10:50;;11:07;;11:39;;49m;5;TRUE;FALSE;TRUE;FALSE;FALSE
166;09.09.2014;12:20;;12:29;;13:36;;1h 16m;5;TRUE;FALSE;TRUE;FALSE;FALSE
165;07.09.2014;14:39;;14:48;;15:22;;43m;3;TRUE;FALSE;TRUE;FALSE;FALSE
164;07.09.2014;12:05;;12:17;;13:02;;57m;4;TRUE;FALSE;TRUE;FALSE;FALSE
163;06.09.2014;09:09;;09:18;;09:38;;29m;3;TRUE;FALSE;TRUE;FALSE;FALSE
162;06.09.2014;08:02;;08:23;;09:04;;1h 2m;5;TRUE;FALSE;TRUE;FALSE;FALSE
161;05.09.2014;09:32;;09:38;;10:19;;47m;5;TRUE;FALSE;TRUE;FALSE;FALSE
160;04.09.2014;16:24;;16:41;;17:14;;50m;5;FALSE;FALSE;TRUE;FALSE;FALSE
159;04.09.2014;13:15;;13:32;;14:23;;1h 8m;5;TRUE;FALSE;FALSE;FALSE;FALSE
158;03.09.2014;13:17;;13:56;;15:56;;2h 39m;5;TRUE;FALSE;FALSE;FALSE;FALSE
157;31.08.2014;15:28;;15:30;;15:58;;30m;5;TRUE;FALSE;FALSE;FALSE;FALSE
156;31.08.2014;12:01;;12:15;;13:02;;1h 1m;5;TRUE;FALSE;FALSE;FALSE;FALSE
155;31.08.2014;10:56;;11:28;;11:36;;40m;4;TRUE;FALSE;FALSE;FALSE;FALSE
154;26.08.2014;12:49;;12:59;;13:19;;30m;3;TRUE;FALSE;FALSE;FALSE;FALSE
153;26.08.2014;11:35;;11:46;;12:08;;33m;5;TRUE;FALSE;FALSE;FALSE;FALSE
152;26.08.2014;09:24;;09:33;;09:50;;26m;5;TRUE;FALSE;FALSE;FALSE;FALSE
151;25.08.2014;14:51;;15:14;;16:39;;1h 48m;5;TRUE;FALSE;FALSE;FALSE;FALSE
150;24.08.2014;12:05;;12:28;;15:06;;3h 1m;5;TRUE;FALSE;FALSE;FALSE;FALSE
149;22.08.2014;15:45;;15:53;;16:48;;1h 3m;5;TRUE;FALSE;FALSE;FALSE;FALSE
148;22.08.2014;12:51;;13:07;;15:11;;2h 20m;5;TRUE;FALSE;FALSE;FALSE;FALSE
147;22.08.2014;10:23;;10:38;;11:08;;45m;5;TRUE;FALSE;FALSE;FALSE;FALSE
146;22.08.2014;09:09;;09:27;;10:10;;1h 1m;5;TRUE;FALSE;FALSE;FALSE;FALSE
145;22.08.2014;08:31;;08:41;;09:09;D;38m;5;TRUE;FALSE;FALSE;FALSE;FALSE
144;22.08.2014;06:22;;06:35;;06:52;D;30m;5;TRUE;FALSE;FALSE;FALSE;FALSE
143;21.08.2014;13:21;;13:37;;15:30;;2h 9m;5;TRUE;FALSE;FALSE;FALSE;FALSE
142;20.08.2014;12:40;;12:56;;14:02;;1h 22m;5;TRUE;FALSE;FALSE;FALSE;FALSE
141;16.08.2014;09:15;;09:44;;09:54;;39m;5;TRUE;FALSE;FALSE;FALSE;FALSE
140;06.08.2014;16:00;;16:02;;16:23;;23m;4;FALSE;FALSE;TRUE;FALSE;FALSE
139;06.08.2014;14:15;;14:18;;14:50;;35m;5;TRUE;FALSE;TRUE;FALSE;FALSE
138;06.08.2014;11:29;;11:32;;12:08;;39m;4;TRUE;FALSE;TRUE;FALSE;FALSE
137;01.08.2014;17:58;;18:26;;18:58;;1h;5;TRUE;FALSE;TRUE;FALSE;FALSE
137;08.07.2014;16:09;;16:34;;18:21;;2h 12m;5;TRUE;FALSE;TRUE;FALSE;FALSE
136;01.08.2014;14:32;;15:01;;16:29;;1h 57m;5;TRUE;FALSE;TRUE;FALSE;FALSE
136;08.07.2014;08:51;;09:11;;10:37;;1h 46m;5;TRUE;FALSE;TRUE;FALSE;FALSE
135;01.08.2014;11:36;;11:48;;12:27;;51m;5;FALSE;FALSE;TRUE;FALSE;FALSE
135;06.07.2014;08:10;;08:24;;09:10;;1h;3;FALSE;FALSE;TRUE;FALSE;FALSE
134;31.07.2014;15:12;;15:24;;16:01;;49m;5;FALSE;FALSE;TRUE;FALSE;FALSE
134;06.07.2014;06:57;;07:02;;07:26;;29m;3;FALSE;FALSE;TRUE;FALSE;FALSE
133;31.07.2014;11:03;;11:17;;12:16;;1h 13m;5;TRUE;FALSE;TRUE;FALSE;FALSE
133;04.07.2014;14:30;;14:44;;15:26;;56m;5;TRUE;FALSE;TRUE;FALSE;FALSE
132;31.07.2014;09:14;;09:31;;09:55;;41m;5;TRUE;FALSE;TRUE;FALSE;FALSE
132;01.07.2014;11:00;;11:34;;12:57;;1h 57m;5;TRUE;FALSE;TRUE;FALSE;FALSE
131;30.07.2014;16:04;;16:16;;17:13;;1h 9m;5;FALSE;TRUE;TRUE;FALSE;FALSE
131;01.07.2014;10:04;;10:19;;10:59;D;55m;5;TRUE;FALSE;FALSE;FALSE;FALSE
130;29.07.2014;16:24;;16:35;;17:11;;47m;5;FALSE;FALSE;TRUE;FALSE;FALSE
130;01.07.2014;09:02;;09:17;;09:39;;37m;3;TRUE;FALSE;TRUE;FALSE;FALSE
129;13.07.2014;08:47;;09:00;;10:03;;1h 16m;5;TRUE;FALSE;TRUE;FALSE;FALSE
129;01.07.2014;07:07;;07:38;;08:41;;1h 34m;5;FALSE;FALSE;TRUE;FALSE;FALSE
128;12.07.2014;14:04;;14:18;;15:00;;56m;5;TRUE;FALSE;TRUE;FALSE;FALSE
128;30.06.2014;13:05;;13:28;;14:28;;1h 23m;5;TRUE;FALSE;TRUE;FALSE;FALSE
127;29.06.2014;11:38;;11:55;;13:08;;1h 30m;5;TRUE;FALSE;TRUE;FALSE;FALSE
126;28.08.2014;12:38;;12:50;;13:02;;24m;4;TRUE;FALSE;TRUE;FALSE;FALSE
125;26.06.2014;09:12;;09:25;;10:01;;49m;3;TRUE;FALSE;TRUE;FALSE;FALSE
124;21.06.2014;11:11;;11:28;;12:07;;56m;3;TRUE;FALSE;TRUE;FALSE;FALSE
123;20.06.2014;10:55;;11:27;;12:36;;1h 41m;5;TRUE;FALSE;TRUE;FALSE;FALSE
122;17.06.2014;08:16;;08:31;;09:15;;59m;4;FALSE;FALSE;TRUE;FALSE;FALSE
121;16.06.2014;07:33;;07:42;;08:01;;28m;5;FALSE;FALSE;TRUE;TRUE;FALSE
120;15.06.2014;15:49;;16:01;;16:25;;36m;4;TRUE;FALSE;TRUE;TRUE;FALSE
119;15.06.2014;15:15;;15:26;;15:39;;24m;3;FALSE;FALSE;TRUE;TRUE;FALSE
118;15.06.2014;12:28;;12:49;;13:18;;50m;3;TRUE;FALSE;TRUE;FALSE;FALSE
117;15.06.2014;11:24;;11:40;;12:01;;37m;3;TRUE;FALSE;TRUE;FALSE;FALSE
116;15.06.2014;09:35;;09:48;;10:01;;26m;3;FALSE;FALSE;TRUE;FALSE;FALSE
115;15.06.2014;07:49;;08:14;;09:07;;1h 18m;5;TRUE;FALSE;TRUE;TRUE;FALSE
114;15.06.2014;06:03;;06:10;;06:45;;42m;5;TRUE;FALSE;TRUE;TRUE;FALSE
113;14.06.2014;10:49;;11:03;;11:23;;34m;3;TRUE;FALSE;TRUE;FALSE;FALSE
112;14.06.2014;09:30;;10:03;;10:41;;1h 11m;4;TRUE;FALSE;TRUE;TRUE;FALSE
111;13.06.2014;12:39;;13:04;;13:45;;1h 6m;4;TRUE;FALSE;TRUE;TRUE;FALSE
110;13.06.2014;10:41;;10:59;;11:48;;1h 7m;5;TRUE;FALSE;TRUE;TRUE;FALSE
109;13.06.2014;09:14;;09:19;;09:40;;26m;5;TRUE;FALSE;TRUE;TRUE;FALSE
108;13.06.2014;07:50;;07:57;;08:56;;1h 6m;5;FALSE;FALSE;TRUE;FALSE;FALSE
107;12.06.2014;18:04;;18:14;;18:54;;50m;4;FALSE;FALSE;TRUE;TRUE;FALSE
106;12.06.2014;17:26;;17:38;;17:54;;28m;4;FALSE;FALSE;TRUE;TRUE;FALSE
105;12.06.2014;15:58;;16:09;;17:03;;1h 5m;5;TRUE;FALSE;TRUE;TRUE;FALSE
104;12.06.2014;13:07;;13:23;;13:57;;50m;5;TRUE;FALSE;TRUE;TRUE;FALSE
103;12.06.2014;10:16;;10:30;;11:30;;1h 14m;5;TRUE;FALSE;TRUE;TRUE;FALSE
102;12.06.2014;09:29;;09:39;;10:14;D;45m;5;TRUE;FALSE;TRUE;TRUE;FALSE
101;11.06.2014;09:00;;09:06;;10:07;;1h 7m;5;TRUE;FALSE;TRUE;TRUE;FALSE
100;11.06.2014;07:58;;08:10;;08:48;;50m;5;TRUE;FALSE;TRUE;TRUE;FALSE
99;11.06.2014;06:28;;06:37;;06:52;;24m;4;FALSE;FALSE;TRUE;TRUE;FALSE
98;11.06.2014;05:32;;05:36;;06:19;;47m;5;TRUE;FALSE;TRUE;TRUE;FALSE
97;10.06.2014;12:39;;12:52;;13:55;;1h 16m;5;TRUE;FALSE;TRUE;TRUE;FALSE
96;10.06.2014;11:39;;11:43;;12:26;;47m;5;TRUE;FALSE;TRUE;TRUE;FALSE
95;10.06.2014;10:00;;10:18;;10:48;;48m;5;TRUE;FALSE;TRUE;TRUE;FALSE
94;10.06.2014;09:19;;09:32;;10:02;;43m;5;TRUE;FALSE;TRUE;TRUE;FALSE
93;10.06.2014;08:18;;08:27;;08:54;;36m;5;FALSE;FALSE;TRUE;TRUE;FALSE
92;09.06.2014;17:04;;17:15;;18:14;;1h 10m;5;TRUE;FALSE;TRUE;TRUE;FALSE
91;09.06.2014;12:25;;12:36;;13:31;;1h 6m;5;TRUE;FALSE;TRUE;TRUE;FALSE
90;09.06.2014;10:50;;11:14;;11:45;;55m;3;TRUE;FALSE;FALSE;FALSE;FALSE
89;09.06.2014;09:13;;09:40;;10:17;;1h 4m;3;TRUE;FALSE;FALSE;FALSE;FALSE
88;09.06.2014;08:15;;08:32;;08:50;;35m;3;TRUE;FALSE;FALSE;FALSE;FALSE
87;06.06.2014;13:08;;13:13;;14:03;;55m;5;TRUE;FALSE;TRUE;TRUE;FALSE
86;27.05.2014;14:11;;14:20;;14:55;;44m;5;TRUE;TRUE;TRUE;TRUE;FALSE
85;25.05.2014;09:29;;09:40;;10:10;;41m;5;TRUE;FALSE;FALSE;FALSE;FALSE
84;16.05.2014;07:00;;07:06;;07:53;;53m;5;FALSE;FALSE;TRUE;TRUE;FALSE
83;14.05.2014;15:46;;15:54;;16:10;;24m;5;TRUE;FALSE;TRUE;TRUE;FALSE
82;14.05.2014;13:57;E;14:28;;15:21;;1h 24m;5;TRUE;FALSE;TRUE;TRUE;FALSE
81;14.05.2014;13:00;;13:28;;13:44;;44m;5;TRUE;FALSE;TRUE;TRUE;FALSE
80;14.05.2014;08:49;;09:02;;09:25;;36m;5;TRUE;FALSE;TRUE;FALSE;FALSE
79;10.05.2014;06:55;;07:10;;08:01;;1h 6m;5;FALSE;TRUE;TRUE;TRUE;FALSE
78;09.05.2014;14:50;E;15:03;;15:42;;52m;5;TRUE;FALSE;TRUE;TRUE;FALSE
77;09.05.2014;14:13;;14:28;;14:50;D;37m;4;TRUE;FALSE;TRUE;TRUE;FALSE
76;09.05.2014;12:55;;13:06;;13:37;;42m;4;TRUE;FALSE;TRUE;FALSE;FALSE
75;09.05.2014;11:16;;11:28;;11:51;;35m;3;TRUE;FALSE;TRUE;FALSE;FALSE
74;09.05.2014;08:10;;08:25;;08:59;;49m;5;TRUE;FALSE;TRUE;TRUE;FALSE
73;08.05.2014;10:09;E;10:25;;11:54;;1h 45m;5;TRUE;FALSE;TRUE;TRUE;FALSE
72;08.05.2014;09:56;;10:05;;10:09;E;13m;5;TRUE;FALSE;TRUE;TRUE;FALSE
71;08.05.2014;09:18;;09:32;;09:54;;36m;3;TRUE;FALSE;TRUE;TRUE;FALSE
70;07.05.2014;16:05;;16:34;;17:54;;1h 49m;5;TRUE;FALSE;TRUE;TRUE;FALSE
69;06.05.2014;08:18;;09:08;;10:27;;2h 9m;5;TRUE;FALSE;TRUE;TRUE;FALSE
68;04.05.2014;12:22;;12:35;;13:27;;1h 5m;5;TRUE;FALSE;TRUE;FALSE;FALSE
67;04.05.2014;12:00;;12:06;;12:16;;16m;3;TRUE;FALSE;TRUE;FALSE;FALSE
66;04.05.2014;09:00;;09:08;;09:32;;32m;5;TRUE;FALSE;TRUE;TRUE;FALSE
65;03.05.2014;09:26;;09:30;;09:42;;16m;3;TRUE;FALSE;TRUE;FALSE;FALSE
64;02.05.2014;14:04;;14:16;;14:37;;33m;3;TRUE;FALSE;TRUE;FALSE;FALSE
63;02.05.2014;09:19;;09:40;;10:48;;1h 29m;5;TRUE;FALSE;TRUE;TRUE;FALSE
62;26.04.2014;15:15;;15:29;;15:51;;36m;5;TRUE;FALSE;TRUE;TRUE;FALSE
61;25.04.2014;11:55;;12:08;;12:54;;59m;5;TRUE;FALSE;TRUE;FALSE;FALSE
60;24.04.2014;10:05;;10:22;;10:48;;43m;5;TRUE;FALSE;TRUE;TRUE;FALSE
59;23.04.2014;12:47;;13:09;;14:04;;1h 17m;5;TRUE;FALSE;TRUE;FALSE;FALSE
58;23.04.2014;12:06;;12:15;;12:40;;34m;4;TRUE;FALSE;TRUE;FALSE;FALSE
57;23.04.2014;08:38;;08:45;;08:58;;20m;3;TRUE;FALSE;TRUE;FALSE;FALSE
56;22.04.2014;15:14;;15:17;;15:48;;34m;3;TRUE;FALSE;FALSE;FALSE;FALSE
55;22.04.2014;11:31;;11:40;;12:33;;1h 2m;5;TRUE;FALSE;TRUE;FALSE;FALSE
54;22.04.2014;09:35;;09:42;;09:52;;17m;3;TRUE;FALSE;FALSE;FALSE;FALSE
53;22.04.2014;08:44;;08:52;;09:15;;31m;4;TRUE;FALSE;TRUE;FALSE;FALSE
52;22.04.2014;08:00;;08:08;;08:20;;20m;3;TRUE;FALSE;TRUE;TRUE;FALSE
51;20.04.2014;13:35;;13:45;;14:02;;27m;3;TRUE;FALSE;TRUE;FALSE;FALSE
50;20.04.2014;08:09;;08:18;;09:01;;52m;4;TRUE;FALSE;TRUE;TRUE;FALSE
49;18.04.2014;12:31;;13:05;;13:50;;1h 19m;5;FALSE;FALSE;FALSE;TRUE;FALSE
48;18.04.2014;13:05;E;13:26;;14:34;;1h 29m;5;TRUE;FALSE;TRUE;FALSE;FALSE
47;18.04.2014;12:35;;12:55;;13:05;D;30m;5;TRUE;FALSE;TRUE;FALSE;FALSE
46;18.04.2014;08:06;;08:16;;08:57;;51m;4;TRUE;FALSE;TRUE;FALSE;FALSE
45;17.04.2014;15:48;;16:00;;16:11;;23m;3;TRUE;FALSE;FALSE;FALSE;FALSE
43;17.04.2014;11:41;;12:04;;12:46;;1h 5m;4;TRUE;FALSE;TRUE;FALSE;FALSE
42;16.04.2014;12:42;;12:52;;13:50;;1h 8m;4;TRUE;FALSE;TRUE;FALSE;FALSE
41;16.04.2014;08:35;;08:46;;09:16;;41m;4;TRUE;FALSE;TRUE;TRUE;FALSE
40;16.04.2014;08:12;;08:19;;08:32;;20m;3;TRUE;FALSE;TRUE;TRUE;FALSE
39;15.05.2014;12:42;;12:50;;13:07;;25m;4;TRUE;FALSE;TRUE;FALSE;FALSE
38;15.05.2014;09:54;;10:05;;10:35;;41m;5;TRUE;FALSE;TRUE;FALSE;FALSE
37;15.05.2014;09:17;;09:24;;09:54;;37m;4;TRUE;FALSE;TRUE;TRUE;FALSE
36;15.05.2014;06:44;;06:51;;07:05;;21m;3;FALSE;FALSE;TRUE;TRUE;FALSE
35;14.04.2014;12:20;;12:30;;12:50;;30m;4;TRUE;FALSE;TRUE;FALSE;FALSE
34;14.04.2014;08:57;;09:18;;09:38;;41m;3;TRUE;FALSE;TRUE;FALSE;FALSE
33;14.04.2014;07:47;;08:09;;08:43;;56m;4;FALSE;FALSE;TRUE;TRUE;FALSE
32;12.04.2014;14:30;;15:01;;15:26;;56m;4;TRUE;FALSE;TRUE;TRUE;FALSE
31;12.04.2014;11:18;;11:27;;12:26;;1h 8m;5;TRUE;FALSE;TRUE;FALSE;FALSE
30;12.04.2014;09:26;;09:34;;09:51;;25m;3;TRUE;FALSE;FALSE;FALSE;FALSE
29;07.04.2014;13:23;;13:33;;14:35;;1h 12m;3;TRUE;FALSE;FALSE;FALSE;FALSE
28;05.04.2014;10:43;;10:51;;11:12;;29m;3;TRUE;FALSE;TRUE;TRUE;FALSE
27;05.04.2014;09:52;;10:01;;10:14;;22m;3;TRUE;FALSE;TRUE;TRUE;FALSE
26;04.04.2014;14:48;;14:59;;15:32;;44m;5;TRUE;FALSE;TRUE;TRUE;FALSE
25;04.04.2014;13:36;;13:49;;14:46;;1h 10m;5;TRUE;FALSE;TRUE;TRUE;FALSE
24;02.04.2014;13:12;;14:13;;15:44;;2h 32m;5;TRUE;FALSE;TRUE;TRUE;FALSE
23;31.03.2014;14:10;;14:17;;14:37;;27m;4;TRUE;FALSE;TRUE;TRUE;FALSE
22;31.03.2014;08:00;;08:11;;09:04;;1h 4m;5;TRUE;FALSE;TRUE;FALSE;FALSE
21;30.03.2014;11:44;;12:00;;12:49;;1h 5m;5;TRUE;FALSE;TRUE;TRUE;FALSE
20;29.03.2014;14:28;;14:35;;14:44;;16m;4;TRUE;FALSE;TRUE;TRUE;FALSE
19;23.03.2014;08:41;;09:00;;09:16;;35m;4;TRUE;FALSE;FALSE;TRUE;FALSE
18;20.03.2014;08:34;;08:39;;08:48;;14m;4;TRUE;FALSE;TRUE;TRUE;FALSE
17;19.03.2014;12:49;;12:55;;13:15;;26m;5;TRUE;FALSE;TRUE;TRUE;FALSE
16;19.03.2014;11:20;;11:31;;12:04;;44m;5;TRUE;FALSE;TRUE;TRUE;FALSE
15;15.03.2014;09:24;;09:37;;10:11;;47m;5;TRUE;FALSE;TRUE;TRUE;TRUE
14;13.03.2014;09:24;;09:28;;09:39;;15m;5;TRUE;TRUE;TRUE;TRUE;FALSE
13;12.03.2014;10:57;;11:09;;12:15;;1h 18m;5;TRUE;TRUE;TRUE;TRUE;TRUE
12;11.03.2014;16:09;;16:25;;17:00;;51m;3;FALSE;FALSE;FALSE;TRUE;FALSE
11;11.03.2014;11:57;;12:10;;13:19;;1h 22m;5;TRUE;FALSE;TRUE;TRUE;FALSE
10;11.03.2014;10:05;;10:17;;10:31;;26m;5;TRUE;FALSE;TRUE;TRUE;FALSE
9;11.03.2014;08:52;;09:11;;09:37;;45m;5;TRUE;TRUE;TRUE;TRUE;FALSE
8;10.03.2014;15:24;;15:29;;15:42;;18m;5;TRUE;TRUE;TRUE;TRUE;FALSE
7;10.03.2014;11:29;;11:42;;12:10;;41m;5;TRUE;FALSE;TRUE;TRUE;FALSE
6;10.03.2014;10:32;;10:44;;11:23;;51m;5;TRUE;FALSE;TRUE;FALSE;FALSE
5;10.03.2014;09:15;;09:23;;09:31;;16m;5;TRUE;FALSE;FALSE;TRUE;FALSE
4;09.03.2014;14:35;;14:42;;14:57;;22m;5;TRUE;TRUE;TRUE;TRUE;FALSE
3;09.03.2014;13:52;;14:00;;14:15;;23m;5;TRUE;TRUE;TRUE;TRUE;FALSE
2;09.03.2014;13:28;;13:32;;13:47;;19m;5;TRUE;TRUE;TRUE;TRUE;FALSE
1;09.03.2014;08:35;;08:42;;08:52;;17m;5;TRUE;TRUE;TRUE;TRUE;FALSE